1,http://4mov.do.am,8,10,477,3136,7166,1865,3093,3099,http://4mov.do.am/_ld/0/48828626.jpg
2,http://59188048.blog.fc2.com,9,58,135,725,666,615,644,644,http://templates.blog.fc2.com/template/redrose/ro_bg2.jpg
3,http://a81.qooqootv.top,1727,1961,2346,3076,3733,3682,0,3683,<h1></h1>
4,http://abcloudsoft.com,8,64,1094,3795,4433,1698,3247,3251,http://abcloudsoft.com/images/pattern/01.png
5,http://adelaide.china-consulate.gov.cn,11,41,488,2067,7200,1382,0,1395,<li></li>
6,http://advanced-personality.com,1046,1250,2587,3361,3533,3082,0,3097,<h1 class="highlight2" style="color: rgb(235, 61, 96);"></h1>
8,http://ag.win999.com,8,134,447,0,0,
7,http://agmindis.lt,8,300,1327,3921,8966,2048,2764,2766,http://agmindis.lt/wp-content/themes/Real%20Estate%20v1.3/skins/1-default/i-featuredpropertiesbg.png
9,http://ahlevela.com,8,247,1163,3719,4200,2615,4171,4183,http://ahlevela.com/templates/ahlevela/images/main_middle_bg.jpg
10,http://aiharamao.seesaa.net,9,45,263,2070,1733,1666,1288,1288,https://aiharamao.up.seesaa.net/image/art_aihara-thumbnail2.jpg
11,http://aks.roshd.ir,9,757,1371,4218,4666,
12,http://aliamtz.blogfa.com,8,29,197,889,700,499,670,682,http://theme.blogfa.com/rail/header.jpg
13,http://allahsname.blogspot.com,8,68,187,564,700,498,519,519,https://resources.blogblog.com/blogblog/data/1kt/simple/gradients_light.png
14,http://amami-lucky-rentacar.com,8,183,2135,3725,6333,3099,3707,3715,http://amami-lucky-rentacar.com/wp/wp-content/uploads/2019/07/navigation-1.jpg
15,http://amarvelousevent.com,8,89,1897,2456,2566,2182,2524,2532,https://i1.wp.com/amarvelousevent.com/wp-content/uploads/Amarvelous_Event_Wedding_2018_04_14-01-scaled.jpg?strip=info&w=600
16,http://ambulantniporod.cz,9,489,4774,7132,7300,6864,7046,7052,http://ambulantniporod.cz/wp-content/uploads/2019/09/background.png
17,http://amsterdamfixedmatches.com,9,203,612,1207,1400,1049,2030,2030,https://amsterdamfixedmatches.com/wp-content/uploads/2023/09/Amsterdam-Fixed-Match.jpg
18,http://andalocyparfums.com,8,90,2790,7237,12033,4882,5187,5187,https://andalocyparfums.com/wp-content/uploads/2018/10/jamma-elfna.png?id=2887
19,http://arabfemdom4.blogspot.com,9,5137,5438,11274,11300,
20,http://arfania.com,8,281,995,3613,5833,1599,7860,7865,http://arfania.com/theme/Lawyer/img/lawyer.jpg
21,http://atc-a.ru,10,404,1044,4461,4866,2598,4545,4548,http://atc-a.ru/upload/information_system_29/2/4/6/item_246/item_246.jpg?1707233639827
22,http://ats-avs.co.jp,9,141,203,683,700,665,693,698,http://ats-avs.co.jp/img/12.jpg
23,http://aureleencuisine.canalblog.com,9,255,862,2699,3400,2248,2260,2260,https://profilepics.canalblog.com/profilepics/7/3/738351.jpg?0
24,http://avtokompressor.bestshop111.space,8,568,1080,2314,2966,1698,3142,3149,http://avtokompressor.bestshop111.space/images/bg.jpg
25,http://azadphilosophy90.blogfa.com,11,37,269,646,500,415,464,466,http://theme.blogfa.com/horizon/os_header.jpg
26,http://azbuka-dveri.ru,8,706,1734,2631,2866,2381,3551,3565,http://azbuka-dveri.ru/site/image/catalog1.png
27,http://baztehshop.ru,10,537,1613,3453,3633,3165,3931,3933,http://baztehshop.ru/d/podshipniki.jpg
28,http://bbsswap.de,8,1137,1552,4287,4866,3765,0,3781,<span></span>
29,http://bda.ariege.fr,7,376,1092,2525,2666,1731,2157,2165,http://bda.ariege.fr/var/cg09/storage/images/mediatheque/bdp/lire-ecouter-voir/ecouter/catalogue-formation-2024/633811-1-fre-FR/Catalogue-formation-2024_accueil-slider.jpg
32,http://be-side.jp,8,616,1025,2611,3700,1465,3888,3892,http://be-side.jp/blog_sys/mt-static/FileUpload/pics/new_beiside_parts/top002.jpg
30,http://beamstory.php.xdomain.jp,8,651,1061,3597,4233,3115,3930,3932,http://beamstory.php.xdomain.jp/img/roexp180.png
31,http://bellsmillfishery.co.uk,8,332,751,2411,3033,1582,2872,2883,http://bellsmillfishery.co.uk/wp-content/uploads/2020/02/d4ad5094-2265-426b-8069-9a8ae4b53822.jpg
33,http://bestgolf.co.jp,9,681,1093,3565,7733,1431,1890,1899,http://bestgolf.co.jp/images/25.jpg
34,http://betulart.hu,8,475,1612,3219,3600,2798,3555,3565,http://betulart.hu/webshop/products/getPicture/pid:462/type:list/thumb:false/pictid:/virtual.jpg
36,http://bi-bahane.blogfa.com,10,32,206,2481,2900,1282,2338,2349,http://themeupload.theme-designer.com/62/image/4.jpg
35,http://bi.alfatransportes.com.br,1048,1048,1352,4219,4366,4131,5144,5149,http://bi.alfatransportes.com.br/DWU.fcl.downloadOpen?arquivo=background
37,http://blog.fefe.de,8,505,878,966,966,948,0,949,<body></body>
38,http://bluearknd63sat.blog86.fc2.com,11,146,469,934,933,747,891,891,http://blog-imgs-32-origin.fc2.com/b/l/u/bluearknd63sat/bmheada02.jpg
39,http://bocaraton.matteosristorante.com,10,64,1029,1494,1500,1432,1457,1532,http://bocaraton.matteosristorante.com/wp-content/uploads/2022/11/BOCA-MAIN-480x261.jpg
40,http://boen.or.jp,8,541,1475,5439,8166,2248,9962,9966,http://boen.or.jp/wordpress/wp-content/themes/cncTheme/img/summer.jpg
41,http://bookholder.co.il,8,5926,8280,9176,9433,8832,9411,9416,http://bookholder.co.il/images/topBg.jpg
42,http://bookpooh.com,11,167,1812,2406,2433,2032,2376,2383,http://bookpooh.com/wp-content/uploads/2024/02/20240206_d.jpg
43,http://briconosaure.com,8,375,1194,2033,2366,1749,2152,2165,http://briconosaure.com/wp-content/uploads/2018/10/coil_replacement-754x566.jpg
44,http://buenavista-clinic.jp,8,386,1307,2269,2433,2082,2280,2282,http://buenavista-clinic.jp/images/common/bg/bg_body.png
45,http://bulgarian.98905.com,9,71,489,4646,5833,1081,5780,5780,http://css.98905.com/bg/img/bginkl.jpg
46,http://cafe-tirol.com,9,253,772,2839,3367,1132,1371,1382,http://cafe-tirol.com/img/header/logo.png
47,http://caradaroclubpizza.com,8,138,243,593,666,414,537,548,http://caradaroclubpizza.com/Images/pizza-guy.png
48,http://cd-cover.info,0,8,88,1409,2233,215,257,266,https://cd-cover.info/images/sprite_00.png
49,http://centrkrovi-penza.ru,926,927,2461,4995,9533,3349,3940,3951,https://centrkrovi-penza.ru/templates/jblank/images/header.jpg
50,http://ceramisart.pl,9,293,2456,5326,8933,3465,4558,4566,http://ceramisart.pl/wp-content/uploads/2016/06/Piec-kaflowy-nr23-widok1-961x370.jpg
51,http://chatopenai.co.kr,10,254,668,0,0,
52,http://chess.mobialia.com,11,237,648,2671,2733,1449,0,2417,<div style="padding: 0.5rem;"></div>
53,http://chincar.ir,8,604,1328,3665,3633,3599,0,3610,<div class="bottom"></div>
54,http://click.goldengoal-crm.com.br,8,199,349,433,433,415,0,416,<h2></h2>
55,http://cloudmesh.net,1972,2198,2381,2901,3233,3198,0,3202,<h1></h1>
56,http://clubmaria-ginza.com,9,263,3642,5627,5233,4781,4789,4789,https://cdn-caskan.com/img/shop_top_banner/1087_banner_1649943993.jpg
57,http://cna.caehs.kr,1,1,293,4292,4571,2216,3957,3968,http://cna.caehs.kr/images/template/00309/main/M_visual.jpg
58,http://coconut14.blog70.fc2.com,9,90,184,517,533,381,528,528,http://blog-imgs-56-origin.fc2.com/k/a/l/kaleidoscope0211/f12.jpg
59,http://cogicmedia.cogic.org,8,39,185,266,266,248,0,252,<p></p>
60,http://comics.777h.ru,8,466,876,1656,1933,965,0,966,<h1></h1>
61,http://concursos.ibdoprojetos.org.br,8,679,880,1499,1533,1382,0,1403,<h3></h3>
62,http://connectivitycheck.cbg-app.huawei.com,8,315,716,833,833,799,0,801,<center></center>
63,http://conseildiet.free.fr,10,588,990,1844,1835,
64,http://cookngourmandises.over-blog.com,8,254,669,2705,3233,2164,2597,2597,http://assets.over-blog.com/t/catalog/images/background/content/Fabric.png
65,http://corleone-tattoo.com,10,320,2777,3617,3733,3348,0,3350,<p class="site-title"></p>
66,http://craiova.tvr.ro,8,1420,1829,12439,17866,2665,5126,5126,http://mediatvr.tvr.ro/media-tvr/image/202402/w882/luiza-paraschivu_00727100.jpg
67,http://crssietjhajjar.ac.in,8,34,3565,9532,10733,8615,11660,11666,http://crssietjhajjar.ac.in/wp-content/uploads/2020/09/VINU5413-150x150.jpg
68,http://cshfishhatchery.org,8,38,398,1761,2300,1332,2407,2415,http://cshfishhatchery.org/wp-content/uploads/2019/03/camp_banner.jpg
69,http://daikinapplied.co.id,8,34,775,6922,11633,3248,7865,7865,http://daikinapplied.co.id/wp-content/uploads/2017/03/dealer14.jpg
70,http://daleplaytickets.com,,,,,,,,,
71,http://danielamerman.com,8,154,323,934,1733,499,730,732,http://danielamerman.com/Images/SideBar/HomeWealthA.jpg
72,http://danielamin.blogspot.com,9,67,411,766,766,681,756,756,http://www.blogblog.com/1kt/watermark/body_background_flower.png
73,http://delkipodelki.ru,8,548,1101,1893,1866,1449,4035,4035,https://avatars.mds.yandex.net/get-direct/5013935/TZvJnroGqkdYaqPRF2_DSA/y180
74,http://dem.dsinnovators.com,8,90,658,7517,8066,7132,8340,8349,http://dem.dsinnovators.com/assets/images/dsi-logo.png
75,http://descy.50megs.com,9,182,267,437,466,365,446,466,http://descy.50megs.com/fs_img/builder/family_tree/heading.jpg
76,http://desyatka.org,8,307,1126,3480,4133,2698,4093,4099,http://desyatka.org/img/background-hero.png
77,http://dictionary.pirao.ru,8,296,808,1561,1766,882,1730,1732,http://dictionary.pirao.ru/index.files/image002.jpg
78,http://dinvzendegi.blogfa.com,11,37,214,1061,2533,365,2511,2511,http://www.blogfa.com/b/18BD3E1024B4.gif
79,http://dominicanmusicusa.com,8,53,264,651,866,515,923,932,http://dominicanmusicusa.com/media/images/slideshow_images/5-Orquesta-1962_1586128637.jpg
80,http://doncweb.blogspot.com,8,79,467,1542,1800,865,862,867,data:image/gif;base64,R0lGODlhXwBfAPcAAP/37/f37/fv7/fv5u/v7/fm3u/m5ubm5u/m1vfezvfexe/ezt7e3vfWxffWvffWte/WvebWxdbW1vfOte/Ote/OvebOt9bOxc7OzvfFpe/Fre/FpebFtd7Ftd7FrdbFtfe9nMXFxe+9nO+9lMXFvea9nN69rda9rfe1jNa9pc69tcW9te+1jL29vea1jM61pfete++te+athN6vjL21rbW1teate7W1rdatjM6tnPelc++la72tpealc72tnN6lc62trdalhNale86lhM6ljPecY/ecWu+cY+aca72llL2ljLWlnN6ca6Wlpdace86ce86cc/eUSu+UWu+UUsWce++USr2chL2cjN6UY96UWtaUa86Uc86Ua++MSpycnM6UY++MOu+MQuaMSuaMQt6MUt6MWt6MStaMWtaMUveEMe+EOpSUlO+EMeaEQt6ESvd7Ke97KYyMjOZ7KeZzKeZzIYSEhHt7e3Nzc2tra2NjY1paWlJSUkpKSkJCQjo6OjExMf///wAAAAAAAAAAAAAAAAAAAAAAAAAAAAAAAAAAAAAAAAAAAAAAAAAAAAAAAAAAAAAAAAAAAAAAAAAAAAAAAAAAAAAAAAAAAAAAAAAAAAAAAAAAAAAAAAAAAAAAAAAAAAAAAAAAAAAAAAAAAAAAAAAAAAAAAAAAAAAAAAAAAAAAAAAAAAAAAAAAAAAAAAAAAAAAAAAAAAAAAAAAAAAAAAAAAAAAAAAAAAAAAAAAAAAAAAAAAAAAAAAAAAAAAAAAAAAAAAAAAAAAAAAAAAAAAAAAAAAAAAAAAAAAAAAAAAAAAAAAAAAAAAAAAAAAAAAAAAAAAAAAAAAAAAAAAAAAAAAAAAAAAAAAAAAAAAAAAAAAAAAAAAAAAAAAAAAAAAAAAAAAAAAAAAAAAAAAAAAAAAAAAAAAAAAAAAAAAAAAAAAAAAAAAAAAAAAAAAAAAAAAAAAAAAAAAAAAAAAAAAAAAAAAAAAAAAAAAAAAAAAAAAAAAAAAAAAAAAAAAAAAAAAAACH5BAkHAIAAIf8LTkVUU0NBUEUyLjADAQAAACwAAAAAXwBfAAAI/gABCRxIEEAGHVHeKFzIsKHDhxAjSpz4JoqODAAIatw4sIAOiiBDihzZUEcBjihRkFzJsmVDFCgJCkjosqbNkFEExBRQ5abPnxCr6OTYE6jRo1U4sjjK1CgLjQiaSv2JgOCOqVhr7hhoIKvXlgYElvhKdmQJgUjKqqWIBBCBMGvjQgxDgIDcuw4JHMDLV+GBvX3x/g0sGDDhuIMPIzbM1M0ZLlysKJlMefKVLVy+uGGzNrFRMlZqtAiBAYOE06hTlw7RokaSM5y/evZJxkcICQfq6o45UC+DEDS4xMY6uyYbJSEYECBY4w+fO14Y8B7IAAMNMlmLt2xDA7dGAnj+/oj/42c6wd9QiDNuSWaF8iZ56hxw22L8+PnmBR7A8GSqdpJtuEdAE+PtcYcf9onXh3T5CUQABuk19Z9IbKwwXwgJZiieH00s16BbGJQh4XokEcGgHhqm6IVeGDRIAAnDATUhSGJI4GAdKfLBR4YI/lFDgwwMwdSMFOWAHwES5JHgHUC00EIT4WWIh4fmYaDGUURK1IaN1K1hXx23McCABCHYoSGD5h3gBJYkhiQEfvqZKd4eGCjn4G99ZNjEhx+w2dIJGh2Aonh1oEkdjgl68SEDbRiVZUSGNrGHfU3AOdABBI7HRxyGTncAE462SZEYcGZqXxyW6hdHgS149+EP/qGyJAaVpo7XR6qACDqeHa5+mEKsK806EAYarrGRF/Z5gat5JgBLkrACMTBogryqmiAey07XgbMjQZsrsuRluMekGsbxIXXY/fToQ94SwAAQNdSAaIoJ6uGhnPbZwREBIXBx5U3rOuStWweMGUIcPdIrXg3LYahhCBzt11q8NSyRLkkBNzRwb9XlmaAfeuwoHqfLNafhjyjp9VfBIYixUsYMbdybBBl64WQNeOwRh3cEeFkslZ4G8bKoE8lMXcJ/6BGmBKW5mmSKebTY4K8YEy2R0fq1YIceeUZ3gAR25FGpu6sq/Id8AuFcKEceDC0r0Bt9HQJpyoGnaRwim+0c/t7j4cG228HCvZHKuRFgst6I+7hR21W/fe4BeSduNh9wMz4SzAthjVLZZu+BR86Im0uQ5SJhrpDmgyOtIZNzzw3EHWb7ATTpIZn+BuqBqm6fH2uE+ZfBa+g+nh+W0g6S7bgTdEDwKa6BQW4Esegzj2sUD/izgseEZBORz/k8SvtNq2kTEsx+fbfZx/R1Dd2v0alGDEwvHh819CqQ8RQhn776GKj+vfbE2t3/Rnc+kSRvIwzIEJd4Q7MEvQ8Q+JuI/s4VLdU9EH4fe2AEJTJBCmKge3uaTq2cIzWNbDAiHfxQCMhlHz1ky0FKStAeIKYRGxRQJPvjSBOE9wcg8AYI/inikEZ6cMOQROBDBOAheVqAkhYoUXa9gUvjWOKCDx1AiSOz1AE4F0Q4LYAltntDF6yIL4XpoQ51EB+97AAnF4DRahOhgIsw4DHJma0PGKASGN7okiksClx2VFh0BiKCloRRIRpwkQSm1Qc81PGOd6ijHsonkAGkwZBwnEgaBtCgA7QAD3qIw2hqADuz4aEGrImDHvDQAjhdBZM26cJQ0sQ0CYiJaTVQ43j0UAPT3NI0cBpBTQ65kCPMcjq70Y8EuHiqXiUTEBuwCTEXIhQKXmqE46lUTAopzUyGJA0NsKZbDpcghnFEAEfwyTQbUoSTUJABUbIPHt4XABRcUp3e6yRJER7wODI5yUm3sVQCYHBPdeWTJUaAAQpQMAEFOPShD20ABDjggRNY9AQe4MAIWIACIxSUW3iBg0hHKlKvrFMxRUSpelSqlpOytHYHfWk3xyDTrIwhN1ioKVawsBwc6HQqOBDIBX4qlQvoJwtEPUoWjqSCpBpFBVRigBac6hMtdAoDjaKqS9pQwkutIKtaBZCFIvbVsI4kQC88QL/MChIuhOCF+sEAD87AVoicgQcDnM5vaECFM4BVq204AxVokBwK6sWfFEusYhfL2MY69rGQTexocJND8xBuZZjNrGY3y9nOevaz0DNPQAAAIfkECQcAgAAsAAAAAF8AXwAACP4AAQkcSBBABh1R3ihcyLChw4cQI0qc+CaKjgwACGrcOLCADoogQ4oc2VBHAY4oUZBcybJlQxQoCQpI6LKmzZBRBMQUUOWmz58Qq+jk2BOo0aNVOLI4ytQoC40Imkr9iYDgjqlYa+4YaCCr15YGBJb4SnZkCYFIyqqliAQQgTBr40IMQ4CA3LsOCRzAy1fhgb198f4NLBgw4biDDyM2zNTNGS5crCiZTHnylS1cvrhhszaxUTJWarQIgQGDhNOoU5cO0aJGkjOcv3r2ScZHCAl/6xKISVAvgxA0uMTGOrsmGyUhGOwWCCRPnDheGPAmyAADDTJZi7dsQ0PCcoEE/P78Gf8nz3SNv6EQZ9ySzArpGkOQH7/nwHmCBzA8maqdZJv3gNSQRxPM5THfePDdBx4G6jXVn0hsABiCeH/wwceB5PERgkAYfMcbARiU4SB7JBEhHQN7YKjieHdc2Id95xFAwnBAPQiSGBIIZMeKPJK3hoIMDMGUjRTlYB8Bdaiohxc11OCFHiryAeN5GKhxFJEStZGjQBIYOJ8dpJ2GQQg7YuiFggc4cSWJIQkx5QEhXEhfcssR8FuK8/nRgoKAfLBmSyf0JkEfPiY4EANrzJdHDVOex0AbRmEZkaGAMDBfE40KdEAT89HJ5wFMRMomRWI0KsEd83nhIXhekNcHbv58CvSDqCyJ8R0GFJKnR6aAHADleHxQel8KtK5k60CtYvijRonOd8eq55lQLEnHCsQAoRjisSEgIeChYhyxAtLBtCNVW2mSPfJoh0ZAeNHClhsxgN1Pkj5kLpzi9fFrusB2OBC6GdahEQEhcGHlTfU6ZG6lITTRQgteyIlhH9j6AUSCBEg83574YdBakzUsMS9JCTe0cK8MpOwxhnrE0Vode6zh3UAYrFgDR3r9dcBvYqxUMkMnd6zxH02YhkETTcAKXrMYAgHtRgcE4fOoEwVN3b5/+IEBAweg+oceIegVx9DzOT3s1LU+PdABLdRxxx0xc50seXnkumIfQNznAf7axqq9tgSlbQ0nvzw+K1ANeW+0N8lUS2T1wDofIIHdhB+YBx4UmqfR4iP9vNDjKBHgZeWEY7A539T6jbO3PfqBRx1r2DF64R5yLpLnCoGOcw2UO1sDaas1geeKfhhqe0i4v6E7Rww00fsfddyW284ShDC7sgQdD1Lyy29EgAScHnjH1qvaGSePenynPUXcq47SpgfqKSx4iPJYx5TrT9R+uG7FcSAeM3sfrjDkhzgEEBD5k8j+woWkA3mBV+gZHotqoDSBJDAiC4xV1w6Eqemg6EDSOx3j0hauEGBtPHFwHwOGVsGBXBAiGbyP1zCUBwgSRD4Hmt8LHxLD6QChR/6miwkBykSePczPBqgjifsIEr4VpS8mOMwTxzTSgySOJAJ8ulaP7gDBCanID9sayFusKBIXZJGIK9oDgQYiATSqKIyAWABLkveGLnyqBpXTgx7IpqJlCcQFc2zcRCjAJwmckHQ8miIgwBBIl0zhU14QDx/uMDZEYqgOCRJBS+ioEA0oyE4eC4EoayBBROoBAzAaQBo2KciJpGEAn9yZzqpXh+cp6g656kMLEnQVVtqkC0Nh4J1WNEkgjNJLTUjQCGrCyYUcIZix+l4pydMC06QMcKRRjkA2YJNmLkQo/KsUtg60B1TiJzcC0WQ3WxmSNDSAfwd4nh3mJ5ABHMEn3v5sSBFO8qkmkI1RHAkAClaJT3aSpAgP+GR1WgCENcThDhfbSAJgQFB6GZQlRoABClAwAQV49KMKaAAELNABE5zgBSg1gQUgAIKNGqGi5JILHGYqhznYVA5wkM1FFVOjnfK0oD9VSz6DejufEtUlfxnDUbMyhgMQAAtLxQoWdoODqE4FBwK5gFWlcgFNZWGrR8kCjAigArAaRQXfYYAWzOoTLVAKA5Biq0vaEET8rCCucvXPCiB4gLvmdST/sWGvCvZXkHAhBILVFAZ4cIbCQuQMPDDnfX5DAyqcAa9ybcMZqECD5DBQcqwBmWhHS9rSmva0qE2taEeDmyV+KHKwjQytbGdL29raVrauDQgAIfkECQcAgAAsAAAAAF8AXwAACP4AAQkcSBBABh1R3ihcyLChw4cQI0qc+CaKjgwACGrcOLCADoogQ4oc2VBHAY4oUZBcybJlQxQoCQpI6LKmzZBRBMQUUOWmz58Qq+jk2BOo0aNVOLI4ytQoC40Imkr9iYDgjqlYa+4YaCCr15YGBJb4SnZkCYFIyqqliAQQgTBr40IMQ4CA3LsOCRzAy1fhgb198f4NLBgw4biDDyM2zNTNGS5crCiZTHnylS1cvrhhszaxUTJWarQIgQGDhNOoU5cO0aJGkjOcv3r2ScZHCAkM/h4gEJOgXgYhaHCJjXV2TTZKQjDgDahOHj158mDorZEBBhpkshpv2YaGBOZu//6IF3+H+kbgUIozbklmBQONGMaL13PAvMYDGJ5M3U6yjXu39QHCgB3yiecFePa5hUF6TfEnEhv/NfGHH3V44UeB4+0BxB1/7JEgARiU0eB6JBHxHgF8YKhigXF8SAJxQDkIkhgSCBTHijiON519DAzBlIwU5VAfARdiqIcXNdTghR4q4pEgIBiocRSQErVRIyAH7IFhHqSdhkEIBBZoB4K9HeDElCSGJESAB4TA5Hh+tJCbQAQAp+V4eHz35AdotnQCQXbiqSega2QYQoAJMtCGUVRG9N5ABEhw5x92IDrQAS2Mx8egCR7ABKNpUiSGpQLiMd4dpLpVQ4aPPgnID/6gsiQGmS2kKF4fV/pWh3xjugpICrGuNCtBQBR5KpkSGCueh66aECxJww70ZoF3tBrCpPK1al8Hz44UrVs3quiHHnZgKx8eqXoRAkoMZPdTow99G6m5OcpXA6l3+nFHE5YSEAIXUt4Er0PfCgiEpsoWyIceF+bBKSCZYlgHQfi1lmQNS7hL0sANFRxpHHms0UITeWCoLxBe7MFHE9oSwKGK6/qm2wHAibESxwwVjCUDqYXw8qkhFCueHwcKhMGqK2rL0QFB3BzqRDrTyVudhfIqNK94JFxgH0pzBOzGT0sU9X1Ij1eH1vUu2/VGHjgtK5kcMYDyGmtYmPaKfbRgXv7bYL9tnl6oxXf3in7EHBPfI+G80NgoAW7q4OIaniriIimuEOMxtWmruHrccQe94i1cpBcaUR6S5W9gHpPcWvthx2ghxL5hvX4gaDpIqKuOEqYmN2GabjyHYDeOhgNyO0W5w/13uPI1IQGpemFQ9YprgHf8RMn7iuW04kmXqkD4gd49otdLlL2vDPRRIBBrD8TA9CqS77awysckwRr0PrwRfjnqLVD5ETmffXa1olzZD0eoGggAISJA6oQgR+0DFIb4YAcgPE+B84NW/faXoyaYJ2LjyRsG5oTBvtEvUSVbEX16Q4DHZQgDqbJBBkmywfsQcEVA6M0DC1SHtfVghv4jiUCnyhY5lIRAay1I1VuAKBIXfChZ9YoDqdbQuhbAbQEsQd0buvAkBhDQD3tQn4r0EIc4ZA1He+iaC7IYtolQ4IktiGMLhgc5am0EDGx0yRSe9BsGWKcJaIOcpUTQEi0qRAPaw5IEmiDGOg4NUQNIQyHbOJE0DCCR4XPk0ICAqKtM0iZdGAr6Gsm5FMLJecwZQU0MuZAjiLKLOIqDF0bTgrMNzXkB2oBNWLkQofgKhAXiEm78iIEm7GEPuBQIIXdJyZCkoQGuYsDP5OOF5VxKAqWx5gCO4BNeNqQIJ7HPASRQyzwUaVNw+wsgBsACSXazmSQpwgPEaR3WeKEOMORESQJi4M53wZMlRoABClAwAQUY9KANgEAFLNCBE6TgBB2oQAMU0AAQDNQI/eyWXOAABzl4lKNl8aZimDhS7fyzpO9EaUhPqtJVHmAMLc3KGHaDhZhiBQu8wYFNp4IDgVxgp1K5APiyANSjZCFABFBBUY2iAvAwQAtL9YkWlIaBRUXVJW3YEcVWYNWr9mcF3zsAV706Ev98D3z/IitIuHAo6uCHB2dQK0TOwIN88ig4VDhDV6/ahjNQgQbK8RXgWHOxwhr2sIhNrGIXy9jCjuZ5NfzbzCZL2cpa9rKYzWxlIyuQgAAAIfkECQcAgAAsAAAAAF8AXwAACP4AAQkcSBBABh1R3ihcyLChw4cQI0qc+CaKjgwACGrcOLCADoogQ4oc2VBHAY4oUZBcybJlQxQoCQpI6LKmzZBRBMQUUOWmz58Qq+jk2BOo0aNVOLI4ytQoC40Imkr9iYDgjqlYa+4YaCCr15YGBJb4SnZkCYFIyqqliAQQgTBr40IMQ4CA3LsOCRzAy1fhgb198f4NLBgw4biDDyM2zNTNGS5crCiZTHnylS1cvrhhszaxUTJWarQIgQGDhNOoU5cO0aJGkjOcv3r2ScZHCAkM/taNSVAvgxA0uMTGOrsmGyUhGBAAVCPOnTx1eHNkgIEGmazFW7ahIWE5IAx/wv6HDyF9eggoxBm3JLOCAcEa4sOv8V6e4AEMT6ZmJ9lmxYHeQMT3hx92dBdHH17U5xYG6DW1n0hs+KdRCHsIKB4f4gGhIAEYlOGgeiQR4R4gdUAHhB8WpuiHBBuSMBxQD4IkBouASJDijfHhoSAgDAzBVIwU5fAfiSn2UQcQTdTRh4V20FceBmocBaREbdB4AIYC8lGDaRJgUAOW4enR3Y4HOCEliCEJMaSNFgIhwQF1HSBBDSiG58WIO35wZksnDHTAHQKKOaRAcuIhXhyDKshAG0ZNGRGeBEgARIXh2YGnn16IZ0ei9R3ARKNoUiRGovcBGt4dnAJyQKbh+RHHjv4D/QAqS2I4qSqrf/SR6p8C7gErICnMulKtGh3QQnxrbCRBnfGlypsJwpJELEEMUCpeggNVa2EezsbUQbQjTTuQoRbqsUYLdTCLbLcoMXDdT44+JK5beuBobwi2CrRGH3ZgoBEBIXAR5U3xOjQvAXTaK54fa3iBRx5N5BugeHs0YR8GrdWg8RLvklRwQ/PWGId4fah7IRAhmPqHxfaBuXANvf31129irPQxQyHfl8cfeAABRB0u/3HHpAJGDAhrddyoY0wHBGFzqBOFrGqXXGKAa5gmhxd0injkS1CwHkMtkdRu6aYXBupmrfC6vHnwNK1eb8RAHHvkYccaaq89Xv7cArkdNtz1EUDdaknrbaEfNfANiN8j3bwQ2SjJTJ21hi/sb0yMi+S4QpBLx8DVvd6Bx9bh7cF35iFt/kbnvB1Abnx+DB3C7CEAsbOFdbQw2qWLvz2s4jGBJ6AfXtyW2wEMSBBCHHmHB/NAqIOkOusoEbCGhU1gAGdv1BV+ox0ERU/R9MArC8SS8eWhfeQYUB7ooOJPRP6Oa5D+BxC8a8TA9TfyAb/v0iqfQEJgrzExTXg3wlP8JDK/+iAwRTTiDZtuRJ6+ATBcAuSRvfInN3u1AHoXFAn1smW/lZXnWEWyFAj/9jtF1etGemCXW14Xnj7EAWUGBIQNQiiSDPIKR/7YQgkBBWSH22xvID3gYUgioKBV2csPGuJICLJWA+X8Cy4sXIkLdsSAGnhhDWugoXhQZR/mbSuHA1kAS1T3hi7sSHCnwUAI7LeHOsThhSnygrNcsEaxTYQCv9LLnJqnsBhyBAx9dMkUfiWQSDWBkPYK4kBE0BI2KkQDjFTVECsHOycNIA2V9ONE0jAARlqPk8NL1FVCaZMuDOWNYiySivQ4kBHUxJILOcIrO3U7C+EBjK3xntbc5J0N2ASXCxHKG72QtT60gEvK8x4ejCgQSh5TlCFJQwO4GAKgIetNjbzPGu6wBgxYcQBH8AkyG1KEk5RHcHL0Qh4IBE77JC83gPMYAAtAqU5skqQIDwhc8kpTz40sZwEx4Ce8/MkSI8AABSiYgAImStEGNAACFuBABywAgQZUFAQoYIEUFAquu8DhpItRTEpVqpZ1srRxDH0pwWIq01seYAw1zcoY4ISFnGIFC8vBgU+nggOBXGCoUrkAobKA1KNkYUgEUEFTjaIC+jBAC1P1iRZ4hwFGZdUlbbicfVbg1a/yR0IbOQBZzTqS/rDrAAFjK0i4EAIZqgoDPDiDXCFyBh6srz6/oQEVzlDWr7bhDFSgQXICKSfWaOyxkI2sZCdL2cpa9rIaG82bMlg9mXn2s6ANrWhHS9rSelaAAQEAIfkECQcAgAAsAAAAAF8AXwAACP4AAQkcSBBABh1R3ihcyLChw4cQI0qc+CaKjgwACGrcOLCADoogQ4oc2VBHAY4oUZBcybJlQxQoCQpI6LKmzZBRBMQUUOWmz58Qq+jk2BOo0aNVOLI4ytQoC40Imkr9iYDgjqlYa+4YaCCr15YGBJb4SnZkCYFIyqqliAQQgTBr40IMQ4CA3LsOCRzAy1fhgb198f4NLBgw4biDDyM2zNTNGS5crCiZTHnylS1cvrhhszaxUTJWarQIgQGDhNOoU5cO0aJGkjOcv3r2ScZHCAkHCMTkqJdBCBpcYmOdXZONkhAMcgNqsQbDbpQMMNAgk5V4yzY0cAOqkeePdz+6n/5z9A1lOOOWZFYwGLjHu3sv4Q/UwXNAPKADGJ5MtU6yzYr6Ah2gh3vf6RFHC+39scd64hGAQXlN8ScSG/8RdIAdBGZIoB/ONYhBGRGeRxIRDA7khR8apviHHva5RYJwQEkIkhgSCBSCaECoqGId4YnHwBBMyUhRDvW1oGIfdqyxRh19ZKiHBD2Kh4EaRwkpURs1AoKhhnmMVhoGLXTnXh0l2neAE1WKGJIQ9R2QIIF93JabXhKEMKB3fADYIiAfpNnSCQJJkGIcUBJEAANeEBjCngIx0IZRVkbEoAQoZtiEngPh52QNex7ABKRqUiQGgAe0YAcfBAIR5UCCarjqbv4/gMqSGD1GZ+SYmApEQBMa+pHrbinIuhKtFmJw5x9+LKoRA2+6l8evMZkgLEnEEsRAHRu2YG2z7tkBLUodTDtStayi6mQccdxR6Xft+dHCqzExQN1PkT5ErkB36JiiF6I1UQcQMSk3EAEhcEHlTfU6dC8Bx+qLrBes4eFeExxJ7IcXxbZWw8ZLzEtSwg0tXMO6+vYBhMQbdjhQHATuobJbf/3lmxgrgczQvYAw0ESlfKyRrrkOKyjaaDWkWMe3BwRRc6gT4UyABC3ooUcNq+UY9NXerRFTsB8zLRHObjFwWnIHRCemH3rUQTLW3cILiAdLz+p2XRaGUMeBEbOt4f67KMHdtdydis2A2EXr7d4eWXLk90g2LwR2iwckanjWZWq0uEiNK/S4fRisze4dd3Drnh7fvh33sG4/R0C+Gfpxx2ghxN6EmBli3Pfp1KaOEmu8tu6FaWSLHQLLGeZ5+9+o70m8ik1oZ2h02GZ4BxDKEnR5SJm/sflGBOibBwZIYyD6xNbjPq7uFuoLROXLrqFvj9eDlP32y+pbaMAY6Ktn/BTNj/5ADLCfeFqlohLxbyL+a1EAdcS+jSywgAM5oEQSaJ8Hpohiz7kVBAUiwYhQUDwHWJ6GSLcbAqBsg4CwgflG8j9d1ckLcaDde3YTAn15ayA9WKFIIrCnQ0kATP5NyhDAOBICz9VhDRC731t0GBIXMCpAEhChe+6QOIHEwXN5II0EGNCjBbAke2/owhMDJD4VGSgOevAcsmqQnI244ItemwgFxpgz903uD4SCFxjg6JIp0FFAd/xDDaAlgpaAUSEaGGP+AnmHXw0gDYaM40TSMIAnbumOvtrIVSJpky4MxT4EkKLhOEWQEdTkkAs5widVhwHWZSgOXlDSGoC2oSpuwCaoXIhQIIeBJtDyDlr8IRDWlodBDqSQuJRkSNLQAMjVyQ4o0gMGuFiXA0TRWUCYpm4EcASf5LIhRThJg2zVAvBpxJpruEMT5ASIAbAAkt5UJkmK8AAzxYwjZdnbYm4WEAN40kueLDECDFCAggko4KAIbUADIAABhSL0oAt1gQxkMAUYxQigirloRjuD0Y0irKMePSVIQ8pJknrlL2MwKVbGkBssqHQqWNANDl4qFRwI5AI0bcoFApSFnBolCwAigAp8ChQV1EoLRL2JFiqHgUcl9TovC9AKnPrUkfgHWgeYalVFctWAFWyrFOFCCEpHRh6cAawPOQMPzFnB31DhDFRNahvOQAUaIOeJdGLNxvbK17769a+ADaxgB7ux0eCmhTHRS8wWy9jGOvaxkI2sZGPWwoAAACH5BAkHAIAALAAAAABfAF8AAAj+AAEJHEgQQAYdUd4oXMiwocOHECNKnPgmio4MAAhq3DiwgA6KIEOKHNlQRwGOKFGQXMmyZUMUKAkKSOiyps2QUQTEFFDlps+fEKvo5NgTqNGjVTiyOMrUKAuNCJpK/YmA4I6pWGvuGGggq9eWBgSW+Ep2ZAmBSMqqpYgEEIEwa+NCDEOAgNy7DgkcwMtX4YG9ffH+DSwYMOG4gw8jNszUzRkuXKwomUx58pUtXL64YbM2sVEyVmq0CIEBg4TTqFOXDtGiRpIznL969knGRwgJBwjE5KiXQQgaXGJjnV2TjZIQDHTvXg6IAQYaZLISb9mGBm5AB5rwwXOA4IEaDJj+C/QNZTjjlmRWhD9Qx8+f93aUH9jzPk535gcwPJk6nWSbFfd58d6Af9hRRxz0DcgHBuIRgEF5TfUnEhsADlQDgRhmiId4bmFQRoTnkUREeANJ0EeGKP7hhXLMEUCCcEBJCJIYEhBEQA3upUggHxKwyBwDQzAlI0U53DceHwT6gccaa9hx4oB+hOAjcxiocdSQErVRIyAhxIEggXvUQFppLeBBIHccCnSAE1eGGJIQ96HYRw245XaABCHoQaAdXjDI4QdttnSCmijG0aONDFyYoZ8/tmEUlhGR2AKKNRg5EAEmZlgDhwcw8aibFIlxHxCUTjkeii2k+cOnLImhXAj+ORJYh6mAkJrhluKlwOpKrqqJARBrPPlHlBsxkCCBfZAongm7ktSrmnjekWSqJR77x5JehGDpch00O9KzAhHgG5JgHmjtsDVgwMC2yzEQ3U+QPgRuuJnqSGATdWJQBx6bthgCF1beFK9D87q1hr0YxoFBE9ZSu1x+rdUg8RLvkjRwQwUToCfCCqKox5Tz/bGHpXr9dYBvYqx0MUMZAyHsH3zYcQce5EKZYhMsGgulwxsdEITKoE5UcHMtSIsuaSEI+J6SG6fohx5fJhyTrhYHLdHQ4i5cB51/OYfgHaLVwbGOeqDkAdCt0oodA2yzeGdpp006dorsAnJ21WmnGW7+XXodPHeGfeBK0N0jrbzQ0Gkq/TeGTdRNuEiGK4S4eBjEiiEfe+zxMoZ4HLrR4yFF/sbkHDGARx566FEzgXc0MRprXjQtq7IagQ6S6KRvZKaOfmQrAdts4yk2hn4IPjjavKrds+wZNoFBbojqm6EXZiPvrPIaHWAvHs+jlB/zeThu/bfYExSCvZXuxoDiA+4RB892jy9S7gTZimLx2Dto+Y5G2k4R7uULVxx0tAfaoURnKVrDQPw3EQByCAObg5IBS7c/AgFhgfILCf0Gkh8v3GF17+nXbs6nIykJhIEScSCnJICBFoAvf8NLEa5skMGQBNBGdxoghqgXExKmqID+A+lBDUESAb2pCVbNQwkSdRS+cMEFbyxxgRHHE8MzMQoQEtAhhvqQuT3ooQX3WQBLRPeGLkyxOUZDER9Sdy4ouS4EtzGSC8ZotYlQYIqKWhyBFLYu6A0EDHR0yRSMyAAQLq4O3duICFpCRoVoQG8M0COGwMiRAaSBkXWcSBoGkKYDMG9xa6jbVTBpky4MBT8YSKOC8LCHChIoD6YaQU0auZAjnPJhGPBCrPggJtbUQIsYGplGNmATWi5EKCusAZL40ILfnQxPbfxDKAmyyGJmMiRpaACnnEOa5FxqfTuqQwu8CQgBHMEnxmxIEU4iHpNtBFNr0AMegNBN3QgABZfgROc1SVKEB5yRg84xjTcXEIN8wmufLDECDFCAggko4KEQjahEGwABC3BgBjKQgRQM6i3FkCWdHoViSD+K0JEKrKQmnSVKU4rJMbAUK2PIDRZeOhUs6AYHNJUKDgRygZw25QJqyoJPjZKF+xBABUMFigpypoWk3kQLBsSAo5xKnSuqaQVTpepI/lO3A2BVqyLhakwO8C+wUoQL2sIlD85g1oecgQeJ/NFvqHCGrDq1DWegAg2QY0S94CliEgusYAdL2MIa9rCITexocHPDmJTMZJCNrGQnS9nKWvayf7lhQAAAIfkECQcAgAAsAAAAAF8AXwAACP4AAQkcSBBABh1R3ihcyLChw4cQI0qc+CaKjgwACGrcOLCADoogQ4oc2VBHAY4oUZBcybJlQxQoCQpI6LKmzZBRBMQUUOWmz58Qq+jk2BOo0aNVOLI4ytQoC40Imkr9iYDgjqlYa+4YaCCr15YGBJb4SnZkCYFIyqqliAQQgTBr40IMQ4CA3LsOCRzAy1fhgb198f4NLBgw4biDDyM2zNTNGS5crCiZTHnylS1cvrhhszaxUTJWarQIgQGDhNOoU5cO0aJGkjOcv3r2ScZHCAkHCMTkqJdBCBpcYmOdXZONkhAMDuxeLpABBhpkshJv2YYGbkAt8OBRPhDDnjwtmP43DwFlOOOWZFYwICDhzp/3enQDYsDn/R894ZkfwPBk6nSSbaygHAb22beHHnrUV+AfEohHAAblNfWfSGwIKFAIC2ZYoB8MiOcWBmVIeB5JRHTYnB4aaniHiQ6SIBxQE4IkRoMDMWBHihmu6GFzQzAVI0U5cHehHwX2Yccaa9Sxx4I17CgQBmoc9aNEbdAo0AHu2ZdHDaStVkeBfHjRAgYeHuCElCOGJIRyB+CBYoF73JZbbxhkuSCZ4n2AZksnCNSChmtIIF+Nf2bYpHgMtGHUlBGZWIOGGAg5EHtLLghEmUwsmiZFYihHABCQDkoQA31kWIeou/2gKUti6Paphv5eoHqhhnHIilIKq67U6pAZ8sHiQAe8+R4edzTx63Im5ErSroDs15qwf+xhJSASQAseBuvt2IGyIzHbrHNAEFkgHnHEgceCftSAW12AYODFsRsxEN1PjD7k7ZUS3IgjmJG2sAYe4vox7UYEhMBFlDfV69C9zZ27b4FNrEHrcs7WYHENS8xLksINMUztwwvmAa19fEh6YQgE6fXXAb6JsRLHDHlM4IJ8iAzwgv+m6IWVB+Tx3h0xHRDEy5tO5PEBa5T6nh9NhOB0HAYCEYK+KfJRR7gFAn0r0azKyl4IdfThxxrYsozBGnt4cZsEX4KcI0oecK2rrQQ4R9p1VzJwWv5yXridotYaxb1x0RJ5POlfqK58QN9+pyir4CPBvJDhMWEg8h1xSNy4hnuYDAjkIkmuEOUoObwvH3fUYQceSmvoRwiegx6S6G+QHu/Dfawx2mot2CHuhsZyJDtItNuuUROn11D2ys418ft7fEQqvNzL2sqb6RmmizdB+2leIMrTD951mc8veIegKO1XqX1ewE19t9ZvhCGONXg+KtQFnhp+5IRHZHyNI7OPwOLXLOQVKVYbGR5FikdA7p1tfQaCl0YI8Kjs1UFSCpwIA3d0AAmEwIAFkmDKQJWiOBAkgxLZ4I7qFoLy5ScmBKBahvIwKBRGRIUrlAAE/3AHAkqgfP4FWsOgbPC+kTSQIwdoW4EOxRs7aagFg+pBEUUSASddiXEbeqFG8JeiPljpLVMMiQusSK0d2scO02pBAM3HogWwhHZv6IIVCWDGBR1ID0DUUBOE5II39k8iFHCS9zYHJiAAYQ12AMKvwOBHl0xhhUokJPSUh5psCUQELYGjQjTgIQrm0W17aMG62DWQAaQhk3+USBoG4CEGOE+Sf9iZ9a6CSpt0YSjLYc8r7YMHL7BuX2uwHyBGUBNNLuQIuNxNB1/phzqQxmk1wF7+7LcBmxhzIUIRTwdr4AXlJYdlEiBhhrazEUxaM5UgSUMDHMSy5HBPhxoCgqgEcASfXLMhRfw4CRmvaJ8+5CEOLWBRAFBwSnuicyRFeMA+dXk1p0kgWwmAQUHpddCVGAEGKEDBBBTA0Y56lKMNgAAHTJCCFJxgBjKQgRQmyq3AwEEOMIWDTM2jmMXUtDMVvWnCcqrTYvK0p6gcA1CzMobcYGGoWMGCbnCA1KngQCAXaKpULnClLEj1KFngDgFUcFWjqGBQDNBCV32ihWNhQFFjdUkb8MS9FaA1rQCy0EYO4Fa4jiRAwmyWwewKEi7AjmIY4MEZ+AqRM/BAeoj6DRXO8Na0tuEMVKABcubYQdZc7LKYzaxmN8vZznr2sqNZ1z4Pp7jSmva0qE2taldr2iMCIiAAIfkECQcAgAAsAAAAAF8AXwAACP4AAQkcSBBABh1R3ihcyLChw4cQI0qc+CaKjgwACGrcOLCADoogQ4oc2VBHAY4oUZBcybJlQxQoCQpI6LKmzZBRBMQUUOWmz58Qq+jk2BOo0aNVOLI4ytQoC40Imkr9iYDgjqlYa+4YaCCr15YGBJb4SnZkCYFIyqqliAQQgTBr40IMQ4CA3LsOCRzAy1fhgb198f4NLBgw4biDDyM2zNTNGS5crCiZTHnylS1cvrhhszaxUTJWarQIgQGDhNOoU5cO0aJGkjOcv3r2ScZHCAkHCMTkqJdBCBpcYmOdXZONkhAMdG9k4IXB7oEMMNAgk5V4yzY0cAMKUaeGxj1//v7o8f4ckG8owxm3JLMi+YE64f+EEEggTvzwecoDOoDhyVTrJLWxwgGAYMDHfX7oceB94fGh3HMEYIBeUwCKxMaAAunB4Ib33UGgfhGWQaF6JBHhnFv2ccihFx+CSIJwQFUIkhgSDESABH2ouGEfNeonEANDMCUjRTm0CIgE4N2XRxxrxJEHgx76KBAGahw1pERt9DiQFwh6QdpqXvixIwb6HeCElSSGJISRDGgYXxMYMJDbAdFxuWEcPn6AZksnDFRHkvHhgYGR+xm4YR0P7sZAG0ZdGdGJLXC4xokaMWDHhlGWdwATjaZJkRgf1sBhE4QKdAAeG+pRKko/dMqSGP7KMcBhHKsekGN8fYyX6G4puLoSrD9y6IeWBK1xXxwtxCmlCb6SBKx5bjK4B6UCGYvrbavG1EGzIz17gASsNSFmfH7U0UILXgAa3qS7lscAdT85+tCz+32LAXw6MmgHgRiscYeC4e2RLQEhcFHlTfI6RO9A/D2Z732DqvtmTPy1VsPFS8BLUsINLTwQjg/fB4SsHObRLkF6/UVnCGKsxDFDHgsUKYN97LGHw/HZcZqKfmSL0gFBuOzpRDFvt6EXo7WALx9NSMCABDre0QRBTeSRB7UE9brx0BIVfUANdtwqKANkY+BFHdgesMa4PCML6B4neyD0qyebh0EIXsQxKP59EpgmZ5shq3gHR3JvTTfFZMu5pZh6rAEE24EfvVHhI728UNExEQB55A/PRxDlIlmuEOYo2flwzXss+DCen8/9a928SbzhHmuMxhoQd2zOYBOJgh6S6G+QvpGo+d5BWuJP433rnVj7DhLwwqN8R754IJeoXhKIy6AfTRPqPEXQw64RAfgKi9zPElx6Xx97a/T9ROH7GCHODOIhAez8bR5Cu+9LFL+P/AEC/cJDqucgiUFAIJzrnCW+jXwrBBLj3XMshUD+LbBbDXTgAe/jhQaeimYJdN8FRRI9jjAAVffBg89Mtbz76IFMA+lfRP4npf1Yi1zE4gjxOMQHgthghP4iyaADUagk2DFAdRxqUQ+AGJII1NAt0+PQHU7GANml8ENvYSJIXPDEKKpoDyEcSBOQyCEgfGgBLAHeG7pQQwIELkF60IPuZnc/gbggjVybCAWkdAArcm5WlAIDHl0yBT6GYI6cWxIeDqSHOgJCBC1Ro0I0ICUGNOGPCLJDCDa5Se0AYgBpiGQeJ5KGAchPAikKmB38GB8wxklluRnIVURpky4MRVMYQFUfkLVJL9yhhR1q30ZGUBNJLuQIt3zOA2/zN3DdUF9YG8gGbGLMhQhFfn95EAGiM8d9cQSS1BxlSNLQgCdWKlr3WcOuBHAEn1SzIUU4iTn3oz0/7EEPd++oA7UCgIJQulOcJCnCA+YZHdZs8pUCSQAM/BkvgLLECDBAAQomoICKWvSiFW2ABTrgARN4wAMzkAELpMBQbvUFDihNKUrTo5jFtLQzDn3pP2ValnfS9HcHGMNNszKG3GBhp1jBgm5wANSp4EAgFyiqVC5gqiwo9ShZwKIKnmoUFTyIAVqgqk+0gDUMMEqrLmkDDAlygBV8FawBwpADzYrWkQjIZwcoWFtBwoUQrLBQPDjDXCFyBh4Ic4K/ocIZzgrWNpyBCjQ4XxsfaLGLOfaxkI2sZCdL2cpadjS4EWLmYMnZznr2s6ANrWg9K8SAAAA7
81,http://download2.ebz.epson.net,8,166,203,267,267,264,0,266,<body></body>
82,http://ds0003.kokshetau.aqmoedu.kz,9,1320,2031,4426,5000,3698,5010,5016,http://ds0003.kokshetau.aqmoedu.kz/arc/hello/725.jpg?_NC=1707235182
83,http://ehvfc.org,10,49,366,1304,1433,849,1465,1465,https://chiefcdn.chiefpoint.com/content/External/ehvfc//articleimages/Article_ArticleGallery_49818_01006.jpeg/1024
84,http://elearningv1.usk.ac.id,11,313,898,1333,1333,1282,0,1298,<h2 class="headingblock header "></h2>
85,http://enpuz.com,9,424,876,1768,1666,1614,0,1641,<p class="mt-5 fs-5"></p>
86,http://eradia.net,8,527,902,1993,2367,1564,2336,2349,http://eradia.net/theme/eradia1/img/burn.png
87,http://esakatwinreverb.com,8,204,920,2027,2033,1949,1949,1962,http://esakatwinreverb.com/wp-content/uploads/2022/09/IMG_1840-5-1220x480.jpg
88,http://esfadnews.blogfa.com,8,40,221,4500,2566,382,2523,2523,http://www.blogfa.com/b/18BD3E1024B4.gif
89,http://exatourbaikal.com,8,320,932,5454,11166,2630,5337,5348,http://exatourbaikal.com/wp-content/themes/baikal/img/top-img3.jpg
90,http://fauzanmrzz.blogspot.com,8,57,789,1181,1166,1099,0,1109,<h1 class="title"></h1>
91,http://figofago.konin.pl,8,736,1349,3544,4000,1797,0,1804,<h2 class="heading font-center" style="font-weight:300;font-style:normal"></h2>
92,http://finance.hcu.ac.th,8,525,3801,9199,18366,5881,9177,9183,http://finance.hcu.ac.th/wp-content/uploads/2024/01/1706226175691-1470x960.jpg
93,http://fischraeucherei-brauer.de,8,398,802,1764,1933,1532,1885,1898,http://fischraeucherei-brauer.de/wp-content/uploads/2018/04/Firma-Brauers-Fischraeucherei.jpg
94,http://fitapetit.cz,8,490,930,2028,2166,1814,2127,2131,http://fitapetit.cz/themes/img/logo-background.png
95,http://flancourt-crescy-en-roumois.fr,8,476,2473,3260,3366,3049,3888,3899,http://flancourt-crescy-en-roumois.fr/wp-content/uploads/2018/01/cropped-cropped-logo-flancourt-carre-1-e1515444533191.jpg
96,http://flvcode.com,8,5285,5421,9738,14933,5514,5642,5649,http://flvcode.com/images/top6.jpg
97,http://fort.apiculture.free.fr,1218,1219,2343,3529,4000,2481,3683,3699,http://fort.apiculture.free.fr/picts/fond_div.jpg
98,http://forum.serithai.net,8,90,646,1620,1600,1581,2080,2081,http://forum.serithai.net/styles/maxthon/theme/images/bg_header.gif
99,http://frac.my,380,381,854,3028,3300,1498,1519,1531,https://frac.my/assets/images/perodua-viva-850cc-34-front-450x273.jpg
100,http://freemindscafe.com,8,117,1221,6373,7266,1298,1283,1298,data:image/svg+xml;base64,PHN2ZyB4bWxucz0iaHR0cDovL3d3dy53My5vcmcvMjAwMC9zdmciIHhtbG5zOnhsaW5rPSJodHRwOi8vd3d3LnczLm9yZy8xOTk5L3hsaW5rIiB2ZXJzaW9uPSIxLjEiPgogICAgICA8c3R5bGU+CiAgICAgICAgOnJvb3QgewogICAgICAgICAgLS1hbmltYXRpb24tc3RhdGU6IHBhdXNlZDsKICAgICAgICB9CgogICAgICAgIC8qIHVzZXIgcGlja2VkIGEgdGhlbWUgd2hlcmUgdGhlICJyZWd1bGFyIiBzY2hlbWUgaXMgZGFyayAqLwogICAgICAgIC8qIHVzZXIgcGlja2VkIGEgdGhlbWUgYSBsaWdodCBzY2hlbWUgYW5kIGFsc28gZW5hYmxlZCBhIGRhcmsgc2NoZW1lICovCgogICAgICAgIC8qIGRlYWwgd2l0aCBsaWdodCBzY2hlbWUgZmlyc3QgKi8KICAgICAgICBAbWVkaWEgKHByZWZlcnMtY29sb3Itc2NoZW1lOiBsaWdodCkgewogICAgICAgICAgOnJvb3QgewogICAgICAgICAgICAtLXByaW1hcnk6ICMyMjIyMjI7CiAgICAgICAgICAgIC0tc2Vjb25kYXJ5OiAjZmZmZmZmOwogICAgICAgICAgICAtLXRlcnRpYXJ5OiAjMDA4OGNjOwogICAgICAgICAgICAtLXF1YXRlcm5hcnk6ICNlNDU3MzU7CiAgICAgICAgICAgIC0taGlnaGxpZ2h0OiAjZmZmZjRkOwogICAgICAgICAgICAtLXN1Y2Nlc3M6ICMwMDk5MDA7CiAgICAgICAgICB9CiAgICAgICAgfQoKICAgICAgICAvKiB0aGVuIGRlYWwgd2l0aCBkYXJrIHNjaGVtZSAqLwogICAgICAgIEBtZWRpYSAocHJlZmVycy1jb2xvci1zY2hlbWU6IGRhcmspIHsKICAgICAgICAgIDpyb290IHsKICAgICAgICAgICAgLS1wcmltYXJ5OiAjMjIyMjIyOwogICAgICAgICAgICAtLXNlY29uZGFyeTogI2ZmZmZmZjsKICAgICAgICAgICAgLS10ZXJ0aWFyeTogIzAwODhjYzsKICAgICAgICAgICAgLS1xdWF0ZXJuYXJ5OiAjZTQ1NzM1OwogICAgICAgICAgICAtLWhpZ2hsaWdodDogI2ZmZmY0ZDsKICAgICAgICAgICAgLS1zdWNjZXNzOiAjMDA5OTAwOwogICAgICAgICAgfQogICAgICAgIH0KCiAgICAgICAgLyogdGhlc2Ugc3R5bGVzIG5lZWQgdG8gbGl2ZSBoZXJlIGJlY2F1c2UgdGhlIFNWRyBoYXMgYSBkaWZmZXJlbnQgc2NvcGUgKi8KICAgICAgICAuZG90cyB7CiAgICAgICAgICBhbmltYXRpb24tbmFtZTogbG9hZGVyOwogICAgICAgICAgYW5pbWF0aW9uLXRpbWluZy1mdW5jdGlvbjogZWFzZS1pbi1vdXQ7CiAgICAgICAgICBhbmltYXRpb24tZHVyYXRpb246IDNzOwogICAgICAgICAgYW5pbWF0aW9uLWl0ZXJhdGlvbi1jb3VudDogaW5maW5pdGU7CiAgICAgICAgICBhbmltYXRpb24tcGxheS1zdGF0ZTogdmFyKC0tYW5pbWF0aW9uLXN0YXRlKTsKICAgICAgICAgIHN0cm9rZTogI2ZmZjsKICAgICAgICAgIHN0cm9rZS13aWR0aDogMC41cHg7CiAgICAgICAgICB0cmFuc2Zvcm0tb3JpZ2luOiBjZW50ZXI7CiAgICAgICAgICBvcGFjaXR5OiAwOwogICAgICAgICAgcjogbWF4KDF2dywgMTFweCk7CiAgICAgICAgICBjeTogNTAlOwogICAgICAgICAgZmlsdGVyOiBzYXR1cmF0ZSgyKSBvcGFjaXR5KDAuODUpOwogICAgICAgIH0KCiAgICAgICAgLmRvdHM6Zmlyc3QtY2hpbGQgewogICAgICAgICAgZmlsbDogdmFyKC0tcXVhdGVybmFyeSk7CiAgICAgICAgfQoKICAgICAgICAuZG90czpudGgtY2hpbGQoMikgewogICAgICAgICAgZmlsbDogdmFyKC0tcXVhdGVybmFyeSk7CiAgICAgICAgICBhbmltYXRpb24tZGVsYXk6IDAuMTVzOwogICAgICAgIH0KCiAgICAgICAgLmRvdHM6bnRoLWNoaWxkKDMpIHsKICAgICAgICAgIGZpbGw6IHZhcigtLWhpZ2hsaWdodCk7CiAgICAgICAgICBhbmltYXRpb24tZGVsYXk6IDAuM3M7CiAgICAgICAgfQoKICAgICAgICAuZG90czpudGgtY2hpbGQoNCkgewogICAgICAgICAgZmlsbDogdmFyKC0tdGVydGlhcnkpOwogICAgICAgICAgYW5pbWF0aW9uLWRlbGF5OiAwLjQ1czsKICAgICAgICB9CgogICAgICAgIC5kb3RzOm50aC1jaGlsZCg1KSB7CiAgICAgICAgICBmaWxsOiB2YXIoLS10ZXJ0aWFyeSk7CiAgICAgICAgICBhbmltYXRpb24tZGVsYXk6IDAuNnM7CiAgICAgICAgfQoKICAgICAgICBAa2V5ZnJhbWVzIGxvYWRlciB7CiAgICAgICAgICAwJSB7CiAgICAgICAgICAgIG9wYWNpdHk6IDA7CiAgICAgICAgICAgIHRyYW5zZm9ybTogc2NhbGUoMSk7CiAgICAgICAgICB9CiAgICAgICAgICA0NSUgewogICAgICAgICAgICBvcGFjaXR5OiAxOwogICAgICAgICAgICB0cmFuc2Zvcm06IHNjYWxlKDAuNyk7CiAgICAgICAgICB9CiAgICAgICAgICA2NSUgewogICAgICAgICAgICBvcGFjaXR5OiAxOwogICAgICAgICAgICB0cmFuc2Zvcm06IHNjYWxlKDAuNyk7CiAgICAgICAgICB9CiAgICAgICAgICAxMDAlIHsKICAgICAgICAgICAgb3BhY2l0eTogMDsKICAgICAgICAgICAgdHJhbnNmb3JtOiBzY2FsZSgxKTsKICAgICAgICAgIH0KICAgICAgICB9CiAgICAgIDwvc3R5bGU+CgogICAgICA8ZyBjbGFzcz0iY29udGFpbmVyIj4KICAgICAgICA8Y2lyY2xlIGNsYXNzPSJkb3RzIiBjeD0iMzB2dyIvPgogICAgICAgIDxjaXJjbGUgY2xhc3M9ImRvdHMiIGN4PSI0MHZ3Ii8+CiAgICAgICAgPGNpcmNsZSBjbGFzcz0iZG90cyIgY3g9IjUwdnciLz4KICAgICAgICA8Y2lyY2xlIGNsYXNzPSJkb3RzIiBjeD0iNjB2dyIvPgogICAgICAgIDxjaXJjbGUgY2xhc3M9ImRvdHMiIGN4PSI3MHZ3Ii8+CiAgICAgIDwvZz4KICAgIDwvc3ZnPg==
101,http://ftp.ines.ro,8,1265,1673,1781,1768,1748,0,1752,<address></address>
102,http://furgos.com,8,590,2833,5696,5900,5532,5559,5569,http://furgos.com/wp-content/uploads/2EC88454-5838-48C7-BFC9-89D0C7D3E19A_1_105_c-1-600x400.jpeg
107,http://g-keifu.com,8,271,1494,2282,2266,2248,0,2260,<a href="http://g-keifu.com/schedule_2017/"></a>
103,http://gallery.homoemo.com,8,127,295,0,0,
104,http://gepia2021.cancer-pku.cn,10,545,948,1618,3033,1048,3202,3215,http://gepia2021.cancer-pku.cn/GEPIA2021.png
105,http://gidonline.ru,9,1435,1947,3001,3333,2532,0,2532,<h1 class="js-defaultHeader banner__header hide"></h1>
106,http://gimnazija-druga-vz.skole.hr,10,422,1445,5686,6233,5398,6543,6549,http://gimnazija-druga-vz.skole.hr/upload/gimnazija-druga-vz/images/headers/Image/okrugli_3.jpg
108,http://globolandia.com.ar,9,767,1331,2614,2966,1915,3215,3231,http://globolandia.com.ar/frontend/images/bg-slider-01.jpg
109,http://glpi.subredsur.gov.co,,,,,,,,,
110,http://gnezdyshko.org,9,527,1545,3965,4633,2882,4610,4616,http://gnezdyshko.org/wp-content/uploads/2023/06/%D1%81%D0%B0%D0%B9%D1%82.png
111,http://greenwichshoppingpark.co.uk,9,703,1182,3621,3400,2382,3350,3366,http://greenwichshoppingpark.co.uk/files/3313/9144/0337/about-us-on.jpg
112,http://grenouillesbis.canalblog.com,11,265,675,2828,3300,2232,2912,2912,http://storage.canalblog.com/22/58/846735/101840012.jpg
113,http://gts.realwork.jp,8,439,796,2230,2600,2114,2739,2748,http://gts.realwork.jp/images/mainImg2.png
114,http://hamestory.blog.2nt.com,10,52,116,1569,4733,582,786,786,https://blog-imgs-62-origin.fc2.com/m/a/r/marintia/haikei.gif
115,http://hattori-y.co.jp,10,409,3586,7706,8333,5548,6159,7050,http://hattori-y.co.jp/files/libs/276/back.jpg?1543457053
116,http://hayama-group.jp,8,190,590,1845,1833,1830,1826,1838,http://hayama-group.jp/share/img/topimg.jpg
117,http://henhouse1970.blog74.fc2.com,8,42,232,724,900,515,822,822,https://blog-imgs-168-origin.fc2.com/h/e/n/henhouse1970/GarminConnect_20240204-140830.jpg
118,http://herdefluesterer.com,8,73,1963,3556,3933,3315,4052,4065,http://herdefluesterer.com/wp-content/uploads/2016/06/IMG_0671-Kopie.jpg
119,http://hethongpkdkainghia.vn,9,457,872,0,0,
120,http://hkrpinnovations.com,8,91,3554,4240,4300,3998,4289,4299,http://hkrpinnovations.com/images/finalbackground-3.png
121,http://hokusetsu2025.com,8,182,1907,4383,6033,2798,3350,3350,http://wing-wp.com/sample-7/wp-content/uploads/2018/08/yellow_dot.jpg
122,http://hookah-maker.asia,8,50,542,1540,2033,1181,1810,2000,http://hookah-maker.asia/images/pro01.jpg
123,http://hoteldiamantina.com.br,9,812,1426,2836,2933,2165,3242,3249,http://hoteldiamantina.com.br/wp-content/themes/hoteldiamantina/assets/img/default-cover.jpg
124,http://hsg-freiburg.de,10,640,2072,3738,4966,3115,3501,3516,http://hsg-freiburg.de/wp-content/uploads/2024/02/He1_240203-300x300.jpg
125,http://imanabadkarokela.com,8,433,1363,1690,2566,1982,2792,2799,http://imanabadkarokela.com/intro.jpg
126,http://industria.mendoza.gov.ar,0,19,564,3782,4200,1406,2127,2140,http://industria.mendoza.gov.ar/images/form-bg.png
127,http://informativo-vmx.com.mx,8,51,229,1788,1166,814,972,982,http://informativo-vmx.com.mx/wp-content/uploads/2023/12/WhatsApp-Image-2023-12-12-at-10.55.04-PM.jpeg
128,http://instagram.sellu.ir,8,713,1947,4742,8566,3748,7008,7029,http://instagram.sellu.ir/files/AdvUserFile/4522_Slid_2016-9-22-4-14-25-661.gif
129,http://interlab-poznan.zelnet.pl,8,984,1496,3758,3800,3548,3769,3783,http://interlab-poznan.zelnet.pl/Portals/interlab/Skins/interlab/assets/img/ts1.jpg
130,http://ishombinali.blogspot.com,8,68,321,730,733,581,740,749,http://2.bp.blogspot.com/-zmufkamm4EU/VLm90Euq-3I/AAAAAAAAACI/KjsPX8adTyk/s1600/moh%2Bishomuddin%2B%25282%2529.jpg
131,http://izhora-dvk.ru,0,0,355,4624,4466,378,0,2380,<span id="text_cont_1" style="display: block;"></span>
132,http://j5fmadeif3.lalsl.com,8,702,1092,0,0,
134,http://ja.kushiro-lakeakan.com,9,343,1353,4538,5433,2399,3112,3112,https://ja.kushiro-lakeakan.com/kushiroakanwp/wp-content/themes/visitkushiro/imgs/index/bnr/artmeishi.jpg
133,http://jaffnaushotel.com,8,352,1158,5818,6400,1748,6379,6382,http://jaffnaushotel.com/assets/images/us-hotel.jpg
135,http://javahery.blogfa.com,10,28,211,911,533,465,2436,2436,http://www.blogfa.com/b/18BD3E1024B4.gif
136,http://jha.ppj.unp.ac.id,2289,2289,3124,3827,3766,3731,3582,3735,http://jha.ppj.unp.ac.id/public/site/images/admin/Cover_Humanitis_-_Copy1.jpg
137,http://jikei1-y.sakura-g.ac.jp,9,211,1023,2071,2066,1581,2146,2148,http://jikei1-y.sakura-g.ac.jp/wordpress/wp-content/uploads/2022/01/omise-1349x447.jpg
138,http://jinnouchitaizo.com,10,239,648,1596,1635,1281,1783,1799,http://jinnouchitaizo.com/img/topph01.jpg
139,http://jkfnagano01.web.fc2.com,8,96,170,335,433,265,463,465,http://jkfnagano01.web.fc2.com/BIGHAT_front_obi2.jpg
140,http://jo.china-embassy.gov.cn,8,312,1160,3213,3133,2249,0,2267,<div class="News_Title"></div>
141,http://journal.healthpolicy.cn,1,1,267,4330,4466,2034,2727,2734,http://journal.healthpolicy.cn/ch/ext_images/bannter1.jpg
142,http://journal.sinov.id,8,608,1111,2518,1900,1665,10337,10349,http://journal.sinov.id/public/site/pageHeaderTitleImage_en_US.png
143,http://jpt.isca.ac.ir,11,1209,1783,4822,5100,4298,5540,5549,http://jpt.isca.ac.ir/data/jpt/coversheet/551705149231.jpg
144,http://kakuretenai.blog103.fc2.com,9,60,156,754,900,365,524,524,https://blog-imgs-32.fc2.com/k/a/k/kakuretenai/bggggggggggt.gif
145,http://kansou.io,9,297,905,1967,1967,1948,0,1962,<div class="home_catchcopy"></div>
146,http://kapunaidusurnames.blogspot.com,9,40,267,735,733,581,667,667,https://resources.blogblog.com/blogblog/data/1kt/transparent/white80.png
147,http://kasadera.jp,8,240,630,963,1066,
148,http://kayama-clinic.com,8,264,935,3636,7073,1581,2986,2999,http://kayama-clinic.com/wp-content/uploads/2019/04/topimg.jpg
149,http://keks212.ru,9,418,1134,2743,2900,2315,2523,2533,http://keks212.ru/wp-content/themes/keks_design/images/header_logo.png
150,http://khaneh-mehr.blogfa.com,9,71,325,1874,2833,497,2787,2787,http://s6.picofile.com/file/8184847592/%D8%B8%D8%B1%D9%81_%D8%B4%DB%8C%D8%B1%DB%8C%D9%86%DB%8C_%D8%B9%DB%8C%D8%AF_94.jpg
